Full Name,Email,User Role
Abdul Ahad,abdul@mineit.tech,FrontEnd Developer
Ajith Kumar,ajith@mineit.tech,FrontEnd Developer
Anand T,anand@mineit.tech,Management
Anusiya M ,anusiyam@mineit.tech,FrontEnd Developer
Ashutosh Prajapati ,ashutosh@mineit.tech,FrontEnd Developer
Ashwini satti,ashwini@mineit.tech,Backend Developer
Ashwinkumar,ashwinponnusamy20@gmail.com,Graphic/UI
Ayush Kumar ,ayushkumar8511@gmail.com,FrontEnd Developer
Bhanuprasadyadav P ,bhanuprasad@mineit.tech,Backend Developer
Bhavya Sree M ,bhavyasreem@mineit.tech,Backend Developer
Bipin Chavan,bipinchavan@mineit.tech,Testing Engineer
Chandan Kumar V K ,ck18vk@gmail.com,Defence and Security
CHANDAN YADAV K S,chandan@mineit.tech,FrontEnd Developer
Chandan yadav ks,chandanyadavks1217@gmail.com,FrontEnd Developer
Daniel C,cdaniel.mine@gmail.com,CTO
Deepthi S,deepthi@mineit.tech,Backend Developer
Dhiwakaran M,dhiwakaran@mineit.tech,Designer
Dilip P,dilip@mineit.tech,Backend Developer
Divya MN,divya@mineit.tech,Backend Developer
Harish R,harish.ramakrishna1@gmail.com,FrontEnd Developer
Hema B,hhemaaa013@gmail.com,Backend Developer
Jai Ranpara,rjai@mineit.tech,Backend Developer
Jayamani M,jayamani@mineit.tech,Project Manager
Jeethu Pathak,jeethu@mineit.tech,FrontEnd Developer
Jyothsna ,jyothsna@mineit.tech,FrontEnd Developer
K SUMANTH KUMAR RAJU,sumanth@mineit.tech,Backend Developer
Kailash Prasad ,kp350722@gmail.com,FrontEnd Developer
Kishore N ,kishorekn0056@gmail.com,Defence and Security
L PAVITHRA,pavithra@mineit.tech,FrontEnd Developer
Latika Pandit,latika@mineit.tech,UI/UX
M.S.Purnima,purnima@mineit.tech,Testing Engineer
Manaswita Goswami,manaswitagoswami@mineit.tech,Content Writer
Meena Mani,meena@mineit.tech,Project Manager
Nayana Motagi ,nayanamotagi24@gmail.com,FrontEnd Developer
NEELKAMAL PATEL,neelkamal@mineit.tech,Defence and Security
Nisha R,nishar.mine@gmail.com,admin
Nithin MA,nithin@mineit.tech,Backend Developer
Nithyashree N Bannur ,nithyashree@mineit.tech,Backend Developer
Paranthaman G,paranthaman@mineit.tech,UI/UX
prasanth,prasanthb.mine@gmail.com,Graphic/UI
Prateek Choudhary ,prateek@mineit.tech,FrontEnd Developer
Raghu raj pratap singh,raghurajpratapsingh6165@gmail.com,Defence and Security
Rahul hosmani,rahulh@mineit.tech,Backend Developer
Rahul Sahoo,rahuls@mineit.tech,Defence and Security
RUTHALA AVINASH,Avinash@mineit.tech,FrontEnd Developer
Sabari Raj S R,sabariraj@mineit.tech,FrontEnd Developer
SaiSabarish,saisabarish@mineit.tech,Defence and Security
SANJANA H NADIG,sanjana@mineit.tech,FrontEnd Developer
Santhosh M,santhosh@mineit.tech,Testing Engineer
saranya,saranyaelangovan@mineit.tech,FrontEnd Developer
Shabaz Pasha ,shabazsahza.mine@gmail.com,FrontEnd Developer
SHAIK JAVED,shaikjaved.mine@gmail.com,Digital Marketing Executive
sharathchandra B R,sharath@mineit.tech,FrontEnd Developer
Shashi Bhavan C K,shashibhavan@mineit.tech,Backend Developer
suman kumar jha,jhasuman.1503@gmail.com,Backend Developer
Sunil Gowda S,sunil@mineit.tech,FrontEnd Developer
teating,jayam4413@gmail.com,Backend Developer
Turab Hussain,hussain@mineit.tech,FrontEnd Developer
Vaibhavi Khiranand Dhadde,vaibhavi@mineit.tech,Testing Engineer
Vijay M,vijay@mineit.tech,Backend Developer
